Dog breed,,category,,datadog score,POPULARITY IN US,POPULARITY IN US,"LIFETIME COST, $",5 LIFETIME COST,,1 INTELLIGENCE (TRAINABILITY) ranking,INTELLIGENCE (TRAINABILITY) ranking,2 LONGEVITY,LONGEVITY,3 NO. OF GENETIC AILMENTS,GENETIC AILMENTS,"4a average purchase price, US$","average purchase price, US$","4b food costs per year, US$","food costs per year, US$",5a grooming required ,grooming required ,5b suitability for children ,suitability for children ,,ULTIMATE TOP DOG MEGA SCORE (with kids),ULTIMATE TOP DATA DOG MEGA RANKING - without kids,ULTIMATE TOP DATA DOG MEGA RANKING - with kids,ULTIMATE TOP DOG MEGA SCORE,POPULAR RATING,,size category,weight (kg),weight (lbs),shoulder height (cm),shoulder height (in),,note,intelligence category,repetitions to understand new commands,obey first command (% of time),longevity sample size - survey sample size,GENETIC DISEASES - congenital ailments: summary / areas affected,congenital ailments: summary / areas affected,exclude?,most abandoned?,,"4 LIFETIME COST, $",4 LIFETIME COST,average purchase price (US $),price bracket,lowest (US$),highest (US$),"food per week, average, £","min, £","max, £","food per week, $","food per year, $","food per lifetime, $",,"Other regular costs, total per lifetime, $","total  per year, $","total, per year, £","toys, presents, treats, per year, £","pet sitters, per year, £","grooming, per year, £","vet fees per year, £","kennels per year, £","one offs, $"
Additional info,,American Kennel Club group,,,"1- 173, 1 = most poular, US. American Kennel Club registrations 2011, pure breeds only",ranking within breeds with full data only,,"in descending rank (higher score = better),  normalized as percentage",,1 = easiest to train / learn new commands,"in descending rank (higher score = better),  normalized as percentage","years, weighted average - see note","in ascending rank order (higher score = better), normalized as percentage",serious only,0 = 100% ... 9 = 0%,"mean, from puppyfind.com",reverse ranked percentile,,reverse ranked percentile,once every.. 1=day. 2=week 3=few weeks,"once every few weeks 100%, week 75%, day 50%",1 - highly suitable. 2 - medium suitability. 3 - low suitability ,"100% = highly suitable, 50% = medum, 0% = low",,intelligence + longevity + ailments + cost scores (50% each) + 100% grooming score. highest possible score: 5,,,intelligence + longevity + ailments + 50% (purchase price + food costs + grooming score). highest possible score: 4.5,"pure breeds, American Kennel Club 2011",,,"mean of 'ideal' range for breed, mean of dogs and bitches",,,,,"popularity ranking: some breeds not included. intelligence ranking: some rank spots have multiple breeds. longevity is weighted average (mean) of several sources. price is mean price, first 10 puppies/breed, puppyfind.com 11-13 July 2012.",,,,<20 = not trustworthy,only serious + common for breed,only serious + common for breed,X = exclude,no data,,,"in descending rank (higher score = better),  normalized as percentage","mean, from puppyfind.com",,,,,,,converted to US $ using Google Finance,,food per week x 52.1775 x average lifespan (column N),,"if no average lifespan data, then 'no data'",converted to US $ using Google Finance,,averaged across all dog breeds. pet food excluded as calculated separately (see food costs),,,,,"Initial outlay: leash, collar, ID tag; food dishes; crate & bedding; toys and chews."
Border Collie,,herding,,3.64,45,39,"$20,143",48%,,1,100%,12.52,79%,2,78%,$623,71%,$324,68%,2,75%,3,0%,,4.02,1,29,3.64,45,,medium,no data,no data,51,20,,,Brightest,<5,>95,164,"eye problems, deafness","Collie eye anomaly, deafness",,,,"17,404",48%,623,budget,175,1050,4,4,4,5.34,278,"3,486",,"13,095","1,046",784,121,126,244,177,116,200
Border Terrier,,terrier,,3.61,80,61,"$22,638",14%,,30,70%,14.00,98%,0,100%,$833,44%,$324,68%,2,75%,1,100%,,4.99,2,1,3.61,80,,small,6,13.5,no data,no data,,,Above average,15-25,>70,177,none,none,,,,"19,575",14%,833,mid-price,250,1200,4,4,4,5.34,278,"3,898",,"14,643","1,046",784,121,126,244,177,116,200
Brittany,,sporting,,3.54,30,30,"$22,589",16%,,19,80%,12.92,89%,0,100%,$618,72%,$466,23%,2,75%,2,50%,,4.42,3,11,3.54,30,,medium,16,35,48,19,,,Excellent,5-15,>85,28,none,none,,,,"19,503",16%,618,budget,300,1200,5.75,4,7.5,7.67,400,"5,171",,"13,514","1,046",784,121,126,244,177,116,200
Cairn Terrier,,terrier,,3.53,59,48,"$21,992",22%,,35,61%,13.84,95%,2,78%,$435,95%,$324,68%,2,75%,1,100%,,4.91,4,2,3.53,59,,small,6,14,25,10,,,Above average,15-25,>70,156,"'lion jaw', heart problems  ","Craniomandibular osteopathy (""lion jaw""), Mitral valve dysplasia",,,,"18,965",23%,435,budget,300,600,4,4,4,5.34,278,"3,854",,"14,476","1,046",784,121,126,244,177,116,200
Welsh Springer Spaniel,,sporting,,3.34,130,81,"$20,224",47%,,31,69%,12.49,77%,1,89%,$750,55%,$324,68%,2,75%,1,100%,,4.71,5,4,3.34,130,,medium,no data,no data,46,18,,only one dog for sale,Above average,15-25,>70,172,hip problems,hip dysplasia,,,,"17,492",46%,750,mid-price,750,750,4,4,4,5.34,278,"3,478",,"13,064","1,046",784,121,126,244,177,116,200
English Cocker Spaniel,,sporting,,3.33,63,51,"$18,993",63%,,18,82%,11.66,54%,0,100%,$800,52%,$324,68%,2,75%,1,100%,,4.70,6,5,3.33,63,,medium,14,30,41,16,,,Excellent,5-15,>85,1199,none,none,,,,"16,442",63%,800,mid-price,600,1000,4,4,4,5.34,278,"3,247",,"12,196","1,046",784,121,126,244,177,116,200
Cocker Spaniel,,sporting,,3.3,27,27,"$24,330",9%,,20,79%,12.50,78%,2,78%,$465,93%,$674,21%,2,75%,1,100%,,4.67,7,6,3.30,27,,small,11,25,37,14.5,,American cocker spaniel,Excellent,5-15,>85,-,"eye, skin problems","Retinal dysplasia, seborrhea",,,,"19,888",11%,465,budget,250,800,-,-,-,9,492,"6,149",,"13,074","1,046",784,121,126,244,177,116,200
Papillon,,toy,,3.26,38,33,"$21,001",36%,,8,92%,13.00,90%,5,44%,$740,56%,$324,68%,2,75%,2,50%,,4.13,8,22,3.26,38,,small,no data,no data,24,9.5,,,Brightest,<5,>95,100,"cataracts, hair loss, heart, eye, blood clotting disorders","Cataracts, Follicular dysplasias, Mitral valve dysplasia, Progressive retinal atrophy, von Willebrand's disease",,,,"18,157",37%,740,mid-price,400,1000,4,4,4,5.34,278,"3,620",,"13,597","1,046",784,121,126,244,177,116,200
Australian Cattle Dog,,herding,,3.25,60,49,"$20,395",43%,,10,90%,11.67,55%,1,89%,$530,85%,$466,23%,2,75%,3,0%,,3.63,9,52,3.25,60,,medium,no data,no data,47,18.5,,,Brightest,<5,>95,11,hip problems,hip dysplasia,,,,"17,607",43%,530,budget,250,1000,5.75,4,7.5,7.67,400,"4,671",,"12,206","1,046",784,121,126,244,177,116,200
Shetland Sheepdog,,herding,,3.22,20,20,"$21,006",34%,,6,94%,12.53,80%,5,44%,$465,93%,$405,63%,1,50%,1,100%,,4.47,11,8,3.22,20,,small,10.15,22,37,14.5,,,Brightest,<5,>95,439,"eye problems, deafness, skin + heart problems, blood clotting disorders","Collie eye anomaly (CEA), deafness, Dermatomyositis and ulcerative dermatosis, Patent ductus arteriosus (PDA), von Willebrand's disease",,,,"17,469",47%,465,budget,150,1000,-,-,-,6,295,"3,698",,"13,106","1,046",784,121,126,244,177,116,200
Siberian Husky,,working,,3.22,16,16,"$22,049",20%,,45,45%,12.58,83%,0,100%,$650,67%,$466,23%,3,100%,1,100%,,4.72,10,3,3.22,16,,medium,22,47.5,55,21.75,,Longevity based on UK KC Survey 2004,Average,25-40,>50,129,none,none,,,,"19,043",21%,650,budget,450,1000,5.75,4,7.5,7.67,400,"5,035",,"13,158","1,046",784,121,126,244,177,116,200
Lhasa Apso,,non-sporting,,3.21,62,50,"$22,031",21%,,68,15%,13.92,97%,1,89%,$350,98%,$324,68%,2,75%,1,100%,,4.58,12,7,3.21,62,,small,7,15,27,10.5,,,Fair,40-80,>30,91,'dry eye',"Keratoconjunctivitis sicca (KCS) - ""dry eye""",,,,"18,985",22%,350,budget,175,550,4,4,4,5.34,278,"3,876",,"14,560","1,046",784,121,126,244,177,116,200
Affenpinscher,,toy,,3.2,139,84,"$18,333",72%,,37,56%,11.42,47%,0,100%,$510,90%,$324,68%,2,75%,2,50%,,4.07,13,26,3.20,139,,small,no data,no data,26,10.25,,,Above average,15-25,>70,21,none,none,,,,"15,835",71%,510,budget,200,800,4,4,4,5.34,278,"3,180",,"11,945","1,046",784,121,126,244,177,116,200
Dachshund,,hound,,3.19,9,9,"$20,113",49%,,49,37%,12.63,85%,2,78%,$423,97%,$324,68%,2,75%,3,0%,,3.57,14,54,3.19,9,,small,11,24,no data,no data,,,Average,25-40,>50,265,"skin, spinal problems","acanthosis nigricans, Intervertebral disk disease",,,,"17,350",49%,423,budget,125,750,4,4,4,5.34,278,"3,517",,"13,210","1,046",784,121,126,244,177,116,200
Miniature Schnauzer,,terrier,,3.19,12,12,"$20,087",51%,,12,87%,11.81,56%,2,78%,$715,57%,$405,63%,2,75%,2,50%,,4.07,14,27,3.19,12,,small,7,15.5,33,13,,,Excellent,5-15,>85,232,"liver, sinus problems","Portosystemic shunt, Sick sinus syndrome",,,,"16,753",60%,715,mid-price,200,1600,-,-,-,6,295,"3,486",,"12,353","1,046",784,121,126,244,177,116,200
Chihuahua,,toy,,3.15,14,14,"$26,250",2%,,67,16%,16.50,100%,1,89%,$588,78%,$324,68%,2,75%,3,0%,,3.53,16,55,3.15,14,,small,2,5.5,13,5,,weight should not exceed 6 pounds,Fair,40-80,>30,-,knee problems,Patellar luxation,,,,"22,640",1%,588,budget,200,1500,4,4,4,5.34,278,"4,594",,"17,258","1,046",784,121,126,244,177,116,200
Australian Terrier,,terrier,,3.11,121,77,"$17,892",76%,,34,64%,11.05,40%,0,100%,$640,70%,$324,68%,2,75%,2,50%,,3.99,17,30,3.11,121,,small,no data,no data,27,10.5,,,Above average,15-25,>70,241,none,none,,,,"15,475",75%,640,budget,200,900,4,4,4,5.34,278,"3,077",,"11,558","1,046",784,121,126,244,177,116,200
Whippet,,hound,,3.11,57,46,"$20,976",38%,,51,34%,12.87,87%,0,100%,$915,36%,$324,68%,2,75%,2,50%,,3.99,17,30,3.11,57,,medium,no data,no data,51,20,,,Average,25-40,>50,500,none,none,,,,"18,160",36%,915,mid-price,650,1200,4,4,4,5.34,278,"3,584",,"13,461","1,046",784,121,126,244,177,116,200
English Springer Spaniel,,sporting,,3.09,29,29,"$21,946",24%,,13,86%,12.54,82%,4,56%,$615,74%,$466,23%,2,75%,1,100%,,4.47,19,9,3.09,29,,medium,20,45,50,19.5,,,Excellent,5-15,>85,194,"hip, eye, skin problems; enzyme deficiency","Hip dysplasia, Phosphofructokinase (PFK) deficiency, Retinal dysplasia, seborrhea",,,,"18,950",24%,615,budget,450,1500,5.75,4,7.5,7.67,400,"5,019",,"13,116","1,046",784,121,126,244,177,116,200
West Highland White Terrier,,terrier,,3.08,35,32,"$20,490",41%,,47,41%,12.80,86%,3,67%,$538,84%,$324,68%,2,75%,1,100%,,4.45,20,10,3.08,35,,small,no data,no data,27,10.5,,,Average,25-40,>50,80,"'lion jaw', 'dry eye', skin problems","Craniomandibular osteopathy (""lion jaw""), Keratoconjunctivitis sicca (KCS) - ""dry eye"", seborrhea",,,,"17,690",40%,538,budget,275,750,4,4,4,5.34,278,"3,564",,"13,388","1,046",784,121,126,244,177,116,200
Bedlington Terrier,,terrier,,3.07,134,83,"$22,107",17%,,40,54%,13.51,93%,2,78%,"$1,058",22%,$324,68%,2,75%,2,50%,,3.95,21,35,3.07,134,,small,9,20,no data,no data,,Price: only 6 puppies for breed,Average,25-40,>50,54,"liver, eye problems","Chronic hepatitis, Retinal dysplasia",,,,"19,151",17%,"1,058",mid-price,250,1800,4,4,4,5.34,278,"3,762",,"14,131","1,046",784,121,126,244,177,116,200
Poodle,,non-sporting,,3.04,8,8,"$21,237",31%,,2,99%,11.95,60%,2,78%,$900,38%,$466,23%,2,75%,2,50%,,3.92,22,39,3.04,8,,medium,no data,no data,41,16,,15 in is min height for standard poodle,Brightest,<5,>95,1178,"fatal stomach bloat, skin disorder","Gastric dilatation-volvulus (serious stomach disorder), sebaceous adenitis (skin disorder)",,,,"18,382",31%,900,mid-price,500,1500,5.75,4,7.5,7.67,400,"4,783",,"12,499","1,046",784,121,126,244,177,116,200
Bichon Frise,,non-sporting,,3.03,39,34,"$19,735",54%,,45,45%,12.21,68%,0,100%,$693,62%,$324,68%,1,50%,1,100%,,4.28,25,16,3.03,39,,small,no data,no data,27,10.5,,,Average,25-40,>50,146,none,none,,,,"17,063",53%,693,budget,250,1500,4,4,4,5.34,278,"3,400",,"12,771","1,046",784,121,126,244,177,116,200
German Shorthaired Pointer,,sporting,,3.03,15,15,"$25,842",3%,,17,84%,11.46,49%,1,89%,$545,83%,$971,5%,2,75%,1,100%,,4.41,23,12,3.03,15,,large,28,62.5,61,24,,,Excellent,5-15,>85,203,hip problems,hip dysplasia,,,,"20,849",9%,545,budget,200,850,-,-,-,14,708,"8,117",,"11,987","1,046",784,121,126,244,177,116,200
Pointer,,sporting,,3.03,115,74,"$24,445",8%,,43,49%,12.42,75%,1,89%,$294,99%,$710,6%,2,75%,1,100%,,4.40,24,13,3.03,115,,large,27,59.5,65,25.5,,English Pointer. price: 8 puppies for sale only,Average,25-40,>50,145,hip problems,hip dysplasia,,,,"21,049",8%,294,budget,50,500,8.75,7.5,10,11.67,609,"7,565",,"12,991","1,046",784,121,126,244,177,116,200
Tibetan Spaniel,,non-sporting,,3.02,114,73,"$25,549",5%,,46,43%,14.42,99%,0,100%,"$1,050",24%,$466,23%,2,75%,1,100%,,4.40,26,14,3.02,114,,small,5,12,25,10,,,Average,25-40,>50,125,none,none,,,,"22,104",2%,"1,050",mid-price,500,2000,5.75,4,7.5,7.67,400,"5,772",,"15,083","1,046",784,121,126,244,177,116,200
Labrador Retriever,,sporting,,2.97,1,1,"$21,299",30%,,7,93%,12.04,63%,3,67%,$810,51%,$466,23%,2,75%,1,100%,,4.35,27,15,2.97,1,,medium,31,67.5,58,23,,,Brightest,<5,>95,1101,"elbows, hips, eyes","elbow dysplasia, hip dysplasia, retinal dysplasia",,,,"18,422",30%,810,mid-price,299,1500,5.75,4,7.5,7.67,400,"4,819",,"12,593","1,046",784,121,126,244,177,116,200
Maltese,,toy,,2.93,23,23,"$19,084",62%,,59,25%,12.25,69%,1,89%,$650,69%,$270,100%,1,50%,3,0%,,3.18,29,65,2.93,23,,small,2,5,23,9,,,Fair,40-80,>30,42,heart problems,Patent ductus arteriosus (PDA),,,,"16,073",67%,650,budget,300,1000,-,-,-,4,197,"2,410",,"12,813","1,046",784,121,126,244,177,116,200
Pomeranian,,toy,,2.93,17,17,"$15,792",93%,,23,77%,9.67,23%,1,89%,$670,66%,$324,68%,2,75%,2,50%,,3.81,28,45,2.93,17,,small,2,5,no data,no data,,,Excellent,5-15,>85,29,heart problems,Patent ductus arteriosus (PDA),,,,"13,677",93%,670,budget,200,1500,4,4,4,5.34,278,"2,693",,"10,114","1,046",784,121,126,244,177,116,200
Shih Tzu,,toy,,2.93,11,11,"$21,152",32%,,70,13%,13.20,92%,1,89%,$583,80%,$324,68%,1,50%,1,100%,,4.18,29,19,2.93,11,,small,6,12.5,25,9.75,,,Lowest,80-100,<25,97,eye problems,"Exposure keratopathy syndrome (exophthalmos, lagophthalmos, and/or macroblepharon)",,,,"18,264",32%,583,budget,275,1200,4,4,4,5.34,278,"3,675",,"13,806","1,046",784,121,126,244,177,116,200
Australian Shepherd,,herding,,2.91,24,24,"$21,458",28%,,42,52%,12.28,71%,2,78%,$565,82%,$466,23%,2,75%,2,50%,,3.78,31,46,2.91,24,,medium,no data,no data,52,20.5,,,Average,25-40,>50,641,"deafness, hip problems","deafness, hip dysplasia",,,,"18,524",29%,565,budget,250,1000,5.75,4,7.5,7.67,400,"4,915",,"12,844","1,046",784,121,126,244,177,116,200
Yorkshire Terrier,,toy,,2.85,5,5,"$20,701",39%,,27,75%,12.60,84%,4,56%,"$1,057",23%,$324,68%,1,50%,3,0%,,3.10,32,69,2.85,5,,small,2,5.5,no data,no data,,,Above average,15-25,>70,63,"knee, liver, trachea, eye disorders","Patellar luxation, Portosystemic shunt, tracheal collapse, Retinal dysplasia",,,,"17,944",38%,"1,057",mid-price,275,2800,4,4,4,5.34,278,"3,508",,"13,179","1,046",784,121,126,244,177,116,200
Irish Setter,,sporting,,2.84,70,56,"$20,323",45%,,35,61%,11.63,53%,2,78%,$525,86%,$466,23%,2,75%,1,100%,,4.21,33,17,2.84,70,,large,29,65,66,26,,,Above average,15-25,>70,922,"hip, eye problems","Hip dysplasia, Progressive retinal atrophy",,,,"17,544",45%,525,budget,300,1000,5.75,4,7.5,7.67,400,"4,655",,"12,164","1,046",784,121,126,244,177,116,200
Pharaoh Hound,,hound,,2.81,151,86,"$21,047",33%,,37,56%,11.83,57%,0,100%,$913,37%,$466,23%,2,75%,2,50%,,3.69,34,47,2.81,151,,medium,no data,no data,58,23,,price: 6 puppies for sale only,Above average,15-25,>70,15,none,none,,,,"18,221",33%,913,mid-price,475,1000,5.75,4,7.5,7.67,400,"4,735",,"12,374","1,046",784,121,126,244,177,116,200
Brussels Griffon,,toy,,2.8,77,59,"$19,551",57%,,59,25%,12.00,61%,0,100%,$833,45%,$324,68%,2,75%,3,0%,,3.18,36,66,2.80,77,,small,4,9,no data,no data,,,Fair,40-80,>30,71,none,none,,,,"16,925",56%,833,mid-price,500,1500,4,4,4,5.34,278,"3,341",,"12,551","1,046",784,121,126,244,177,116,200
Golden Retriever,,sporting,,2.8,4,4,"$21,447",29%,,4,97%,12.04,63%,4,56%,$958,31%,$466,23%,2,75%,1,100%,,4.17,37,20,2.80,4,,medium,27,60,58,22.75,,,Brightest,<5,>95,1314,"elbows, hips, eyes, heart ","elbow dysplasia, hip dysplasia, retinal dysplasia, subaortic stenosis",,,,"18,571",28%,958,mid-price,325,2500,5.75,4,7.5,7.67,400,"4,819",,"12,593","1,046",784,121,126,244,177,116,200
Samoyed,,working,,2.8,69,55,"$25,352",6%,,33,68%,12.44,76%,1,89%,"$1,162",15%,$710,6%,2,75%,1,100%,,4.18,35,18,2.80,69,,medium,no data,no data,54,21.25,,,Above average,15-25,>70,232,hip problems,hip dysplasia,,,,"21,951",3%,"1,162",mid-price,795,1400,8.75,7.5,10,11.67,609,"7,577",,"13,012","1,046",784,121,126,244,177,116,200
Beagle,,hound,,2.79,3,3,"$19,468",59%,,73,9%,12.30,72%,1,89%,$288,100%,$324,68%,1,50%,1,100%,,4.04,38,28,2.79,3,,small,no data,no data,36,14,,,Lowest,80-100,<25,303,heart problems,Pulmonic stenosis,,,,"16,777",59%,288,budget,100,600,4,4,4,5.34,278,"3,425",,"12,865","1,046",784,121,126,244,177,116,200
Chesapeake Bay Retriever,,sporting,,2.78,46,40,"$16,697",84%,,27,75%,9.48,22%,1,89%,$522,87%,$466,23%,2,75%,1,100%,,4.16,39,21,2.78,46,,large,31,67.5,60,23.5,,,Above average,15-25,>70,776,hip problems,hip dysplasia,,,,"14,432",84%,522,budget,175,795,5.75,4,7.5,7.67,400,"3,794",,"9,916","1,046",784,121,126,244,177,116,200
Tibetan Terrier,,non-sporting,,2.75,86,64,"$20,336",44%,,62,22%,12.31,74%,0,100%,"$1,140",17%,$324,68%,2,75%,2,50%,,3.63,40,51,2.75,86,,small,11,24,39,15.5,,,Fair,40-80,>30,102,none,none,,,,"17,643",41%,"1,140",mid-price,450,1600,4,4,4,5.34,278,"3,428",,"12,876","1,046",784,121,126,244,177,116,200
Gordon Setter,,sporting,,2.73,94,69,"$19,605",56%,,34,64%,11.10,41%,1,89%,$700,59%,$466,23%,2,75%,1,100%,,4.10,41,23,2.73,94,,large,28,62.5,64,25,,3 dogs only,Above average,15-25,>70,169,hip problems,hip dysplasia,,,,"16,953",55%,700,mid-price,500,100,5.75,4,7.5,7.67,400,"4,443",,"11,610","1,046",784,121,126,244,177,116,200
English Setter,,sporting,,2.72,87,65,"$20,312",46%,,37,56%,11.57,52%,2,78%,$615,74%,$466,23%,2,75%,1,100%,,4.09,43,25,2.72,87,,large,no data,no data,62,24.5,,,Above average,15-25,>70,402,"deafness, hip problems","deafness, hip dysplasia",,,,"17,548",44%,615,budget,250,1000,5.75,4,7.5,7.67,400,"4,631",,"12,102","1,046",784,121,126,244,177,116,200
Pug,,toy,,2.72,26,26,"$18,527",68%,,57,29%,11.00,39%,1,89%,$469,92%,$405,63%,2,75%,1,100%,,4.09,42,24,2.72,26,,medium,7,16,41,16,,,Fair,40-80,>30,163,'dry eye',"Keratoconjunctivitis sicca (KCS) - ""dry eye""",,,,"15,421",76%,469,budget,250,699,-,-,-,6,295,"3,246",,"11,505","1,046",784,121,126,244,177,116,200
Briard,,herding,,2.71,125,79,"$19,673",55%,,30,70%,11.17,43%,1,89%,$650,67%,$466,23%,1,50%,1,100%,,3.96,44,33,2.71,125,,large,no data,no data,62,24.5,,Only 2 puppies for sale,Above average,15-25,>70,71,hip problems,hip dysplasia,,,,"17,004",54%,650,budget,500,800,5.75,4,7.5,7.67,400,"4,471",,"11,683","1,046",784,121,126,244,177,116,200
Norfolk Terrier,,terrier,,2.71,120,76,"$24,308",10%,,56,30%,13.07,91%,0,100%,"$2,083",2%,$466,23%,2,75%,2,50%,,3.58,45,53,2.71,120,,small,5,12,24,9.5,,price: 9 puppies only,Fair,40-80,>30,324,none,none,,,,"21,185",7%,"2,083",high-end,250,2500,5.75,4,7.5,7.67,400,"5,231",,"13,671","1,046",784,121,126,244,177,116,200
Flat-Coated Retriever,,sporting,,2.7,90,67,"$16,000",90%,,18,82%,9.02,14%,0,100%,$600,77%,$466,23%,1,50%,1,100%,,3.95,46,34,2.70,90,,medium,no data,no data,59,23.25,,Price: 3 dogs only,Excellent,5-15,>85,1198,none,none,,,,"13,845",90%,600,budget,300,1200,5.75,4,7.5,7.67,400,"3,610",,"9,434","1,046",784,121,126,244,177,116,200
Boston Terrier,,non-sporting,,2.61,22,22,"$17,741",77%,,54,31%,10.92,38%,1,89%,$690,63%,$324,68%,2,75%,1,100%,,3.98,47,32,2.61,22,,medium,NA (3 classes),NA (3 classes),no data,no data,,,Average,25-40,>50,42,breathing problems,brachycephalic syndrome,,,,"15,352",77%,690,budget,400,1050,4,4,4,5.34,278,"3,041",,"11,422","1,046",784,121,126,244,177,116,200
Doberman Pinscher,,working,,2.59,13,13,"$18,397",71%,,5,95%,10.33,32%,4,56%,$790,54%,$466,23%,2,75%,2,50%,,3.47,49,57,2.59,13,,large,no data,no data,66,26,,,Brightest,<5,>95,201,"heart, spine, blood clotting disorders","Dilated cardiomyopathy, Cervical vertebral instability (Wobbler syndrome), Intervertebral disk disease, von Willebrand's disease",,,,"15,929",70%,790,mid-price,300,1200,5.75,4,7.5,7.67,400,"4,135",,"10,805","1,046",784,121,126,244,177,116,200
English Toy Spaniel,,toy,,2.59,129,80,"$17,521",79%,,45,45%,10.10,29%,0,100%,$925,33%,$405,63%,2,75%,2,50%,,3.47,48,56,2.59,129,,small,5,11,25,10,,,Average,25-40,>50,22,none,none,,,,"14,670",83%,925,mid-price,150,1500,-,-,-,6,295,"2,981",,"10,564","1,046",784,121,126,244,177,116,200
Belgian Tervuren,,herding,,2.57,108,72,"$19,132",61%,,14,85%,10.60,34%,2,78%,"$1,070",21%,$466,23%,2,75%,1,100%,,3.94,52,38,2.57,108,,large,no data,no data,61,24,,,Excellent,5-15,>85,105,"epilepsy, eye problems","Idiopathic epilepsy, Pannus - chronic superficial keratitis",,,,"16,600",61%,"1,070",mid-price,850,1200,5.75,4,7.5,7.67,400,"4,243",,"11,087","1,046",784,121,126,244,177,116,200
Cavalier King Charles Spaniel,,toy,,2.57,21,21,"$18,639",67%,,44,48%,11.29,46%,2,78%,"$1,017",28%,$324,68%,2,75%,1,100%,,3.95,50,35,2.57,21,,small,7,15.5,32,12.5,,,Average,25-40,>50,829,"heart, spinal problems","Mitral valve dysplasia, Chiari-like malformation (CM) and syringomyelia (SM)",,,,"16,169",66%,"1,017",mid-price,100,1800,4,4,4,5.34,278,"3,144",,"11,809","1,046",784,121,126,244,177,116,200
Dalmatian,,non-sporting,,2.57,73,57,"$19,886",53%,,39,55%,11.27,45%,2,78%,$695,61%,$466,23%,2,75%,1,100%,,3.95,50,35,2.57,73,,medium,no data,no data,53,21,,,Above average,15-25,>70,404,"deafness, urinary stones","Deafness, Urolithiasis (stones)",,,,"17,194",52%,695,budget,350,1000,5.75,4,7.5,7.67,400,"4,511",,"11,788","1,046",784,121,126,244,177,116,200
Basset Hound,,hound,,2.54,41,36,"$18,328",74%,,71,11%,11.43,48%,2,78%,$490,91%,$324,68%,2,75%,1,100%,,3.92,53,39,2.54,41,,small,no data,no data,36,14,,,Lowest,80-100,<25,152,"blood, skin disorders","Platelet dysfunction (thrombocytopathia, Basset hound thrombopathia), seborrhea",,,,"15,827",72%,490,budget,150,1000,4,4,4,5.34,278,"3,183",,"11,955","1,046",784,121,126,244,177,116,200
Basenji,,hound,,2.51,93,68,"$22,096",18%,,79,2%,13.58,94%,3,67%,$940,32%,$324,68%,2,75%,2,50%,,3.38,54,59,2.51,93,,medium,10,23,42,16.5,,,Lowest,80-100,<25,46,"kidney, eye problems, anaemia","Fanconi syndrome, Persistent pupillary membranes (PPM), Pyruvate kinase (PK) deficiency",,,,"19,125",18%,940,mid-price,600,1200,4,4,4,5.34,278,"3,781",,"14,204","1,046",784,121,126,244,177,116,200
Italian Greyhound,,toy,,2.49,65,53,"$16,463",86%,,60,24%,10.02,28%,0,100%,$800,52%,$324,68%,2,75%,3,0%,,2.86,55,77,2.49,65,,small,no data,no data,36,14,,,Fair,40-80,>30,203,none,none,,,,"14,270",86%,800,mid-price,500,120,4,4,4,5.34,278,"2,790",,"10,480","1,046",784,121,126,244,177,116,200
Staffordshire Bull Terrier,,terrier,,2.48,76,58,"$21,650",25%,,49,37%,12.05,66%,1,89%,"$1,145",16%,$466,23%,2,75%,1,100%,,3.86,56,41,2.48,76,,medium,14,31,38,15,,,Average,25-40,>50,157,hip problems,hip dysplasia,,,,"18,772",25%,"1,145",mid-price,500,1500,5.75,4,7.5,7.67,400,"4,823",,"12,604","1,046",784,121,126,244,177,116,200
Bouvier des Flandres,,herding,,2.47,83,62,"$18,959",64%,,29,72%,10.34,33%,1,89%,"$1,335",6%,$466,23%,2,75%,1,100%,,3.84,57,42,2.47,83,,large,no data,no data,65,25.5,,,Above average,15-25,>70,1079,hip problems,hip dysplasia,,,,"16,489",62%,"1,335",mid-price,800,2500,5.75,4,7.5,7.67,400,"4,139",,"10,815","1,046",784,121,126,244,177,116,200
Pembroke Welsh Corgi,,herding,,2.45,25,25,"$23,978",13%,,11,89%,12.25,69%,9,0%,$587,79%,$674,21%,2,75%,1,100%,,3.82,58,43,2.45,25,,small,12,26,28,11,,,Excellent,5-15,>85,116,"cataracts + other eye problems, connective tissue, nerves, kidneys, spine, blood clotting disorders","Cataracts, Corneal dystrophy, Cutaneous asthenia (Ehlers-Danlos syndrome), Degenerative myelopathy, Familial kidney disease, Intervertebral disk disease, Persistent pupillary membranes (PPM), Retinal dysplasia, von Willebrand's disease",,,,"19,625",13%,587,budget,375,750,-,-,-,9,492,"6,026",,"12,813","1,046",784,121,126,244,177,116,200
Clumber Spaniel,,sporting,,2.44,133,82,"$18,084",75%,,37,56%,10.00,25%,0,100%,"$1,033",26%,$466,23%,2,75%,1,100%,,3.81,59,44,2.44,133,,medium,32,70,47,18.5,,,Above average,15-25,>70,301,none,none,,,,"15,695",74%,"1,033",mid-price,800,1500,5.75,4,7.5,7.67,400,"4,003",,"10,459","1,046",784,121,126,244,177,116,200
Dandie Dinmont Terrier,,terrier,,2.42,160,87,"$21,633",26%,,62,22%,12.17,67%,0,100%,$925,33%,$466,23%,1,50%,1,100%,,3.67,60,49,2.42,160,,small,10,21,23,9,,Only 2 for sale,Fair,40-80,>30,62,none,none,,,,"18,725",26%,925,mid-price,850,1000,5.75,4,7.5,7.67,400,"4,871",,"12,729","1,046",784,121,126,244,177,116,200
Saluki,,hound,,2.41,117,75,"$24,866",7%,,43,49%,12.00,61%,0,100%,"$1,525",5%,$710,6%,1,50%,1,100%,,3.66,61,50,2.41,117,,medium,no data,no data,58,23,,lower end of range for males (23-28). females smaller,Average,25-40,>50,132,none,none,,,,"21,585",5%,"1,525",high-end,1000,1800,8.75,7.5,10,11.67,609,"7,309",,"12,551","1,046",784,121,126,244,177,116,200
Giant Schnauzer,,working,,2.38,95,70,"$26,686",1%,,28,74%,10.00,25%,1,89%,$810,49%,"$1,349",1%,1,50%,2,50%,,3.13,62,67,2.38,95,,large,35,77.5,65,25.5,,,Above average,15-25,>70,39,hip problems,hip dysplasia,,,,"21,307",6%,810,mid-price,400,1500,-,-,-,19,984,"9,838",,"10,459","1,046",784,121,126,244,177,116,200
Greyhound,,hound,,2.29,140,85,"$15,819",92%,,46,43%,9.36,20%,1,89%,"$1,175",14%,$324,68%,2,75%,1,100%,,3.67,63,48,2.29,140,,large,29,65,no data,no data,,,Average,25-40,>50,74,blood vessel disorders,familial vasculopathy,,,,"13,771",91%,"1,175",mid-price,200,2500,4,4,4,5.34,278,"2,606",,"9,790","1,046",784,121,126,244,177,116,200
Scottish Terrier,,terrier,,2.27,54,45,"$17,525",78%,,65,18%,10.69,37%,1,89%,$829,47%,$324,68%,1,50%,2,50%,,3.02,64,71,2.27,54,,small,9,20,25,10,,,Fair,40-80,>30,342,blood clotting disorder,von Willebrand's disease,,,,"15,187",78%,829,mid-price,400,2200,4,4,4,5.34,278,"2,977",,"11,181","1,046",784,121,126,244,177,116,200
Rottweiler,,working,,2.24,10,10,"$18,886",66%,,9,91%,9.11,17%,3,67%,"$1,118",18%,$710,6%,2,75%,2,50%,,3.12,65,68,2.24,10,,large,no data,no data,62,24.5,,,Brightest,<5,>95,654,"heart, elbow, hip problems","Subaortic stenosis, Elbow dysplasia - OCD of the elbow, Hip dysplasia",,,,"16,395",64%,"1,118",mid-price,300,1800,8.75,7.5,10,11.67,609,"5,549",,"9,529","1,046",784,121,126,244,177,116,200
Kerry Blue Terrier,,terrier,,2.13,124,78,"$17,240",83%,,35,61%,9.40,21%,1,89%,"$1,200",11%,$466,23%,1,50%,2,50%,,2.88,66,76,2.13,124,,medium,17,36.5,47,18.5,,,Above average,15-25,>70,353,heart problems,Patent ductus arteriosus (PDA),,,,"14,994",82%,"1,200",mid-price,900,1500,5.75,4,7.5,7.67,400,"3,762",,"9,832","1,046",784,121,126,244,177,116,200
Afghan Hound,,hound,,2.08,88,66,"$24,077",11%,,80,1%,11.92,59%,0,100%,$890,40%,$710,6%,1,50%,1,100%,,3.33,67,60,2.08,88,,large,25,55,66,26,,,Lowest,80-100,<25,154,none,none,,,,"20,818",10%,890,mid-price,450,1000,8.75,7.5,10,11.67,609,"7,260",,"12,468","1,046",784,121,126,244,177,116,200
Newfoundland,,working,,2.07,43,37,"$19,351",60%,,34,64%,9.32,18%,2,78%,"$1,178",13%,$710,6%,2,75%,1,100%,,3.45,68,58,2.07,43,,large,57,125,69,27,,,Above average,15-25,>70,340,"hip problems, heart defects","subaortic stenosis, hip dysplasia",,,,"16,802",57%,"1,178",mid-price,500,2000,8.75,7.5,10,11.67,609,"5,677",,"9,748","1,046",784,121,126,244,177,116,200
German Shepherd,,herding,,2.06,2,2,"$17,416",80%,,3,98%,9.73,24%,8,11%,$820,48%,$466,23%,2,75%,2,50%,,2.94,69,74,2.06,2,,large,no data,no data,61,24,,,Brightest,<5,>95,795,"nerves, pancreas, blood (hemophilia), hip joints","Degenerative myelopathy (nerve disorder), Exocrine pancreatic insufficiency, Hemophilia, Hip dysplasia, Renal cystadenocarcinoma and nodular dermatofibrosis, Pannus - chronic superficial keratitis, Panosteitis, Perianal fistula

",,,,"15,091",80%,820,mid-price,400,1495,5.75,4,7.5,7.67,400,"3,895",,"10,177","1,046",784,121,126,244,177,116,200
Pekingese,,toy,,2.05,64,52,"$20,565",40%,,74,8%,11.56,51%,1,89%,$885,41%,$466,23%,1,50%,2,50%,,2.80,70,78,2.05,64,,small,6,13,no data,no data,,to weigh no more than 14 pounds,Lowest,80-100,<25,94,knee problems,Patellar luxation,,,,"17,803",39%,885,mid-price,200,3800,5.75,4,7.5,7.67,400,"4,627",,"12,091","1,046",784,121,126,244,177,116,200
Old English Sheepdog,,herding,,2.04,84,63,"$22,611",15%,,63,21%,11.19,44%,1,89%,$832,46%,$710,6%,1,50%,1,100%,,3.29,71,61,2.04,84,,medium,no data,no data,56,22,,,Fair,40-80,>30,111,hip problems,hip dysplasia,,,,"19,551",15%,832,mid-price,500,1000,8.75,7.5,10,11.67,609,"6,816",,"11,704","1,046",784,121,126,244,177,116,200
Akita,,working,,1.95,47,41,"$20,994",37%,,54,31%,10.16,30%,1,89%,"$1,202",10%,$710,6%,2,75%,3,0%,,2.33,72,86,1.95,47,,large,no data,no data,66,26,,,Average,25-40,>50,192,hip problems,hip dysplasia,,,,"18,217",34%,"1,202",mid-price,565,1800,8.75,7.5,10,11.67,609,"6,188",,"10,627","1,046",784,121,126,244,177,116,200
Rhodesian Ridgeback,,hound,,1.91,44,38,"$16,530",85%,,52,33%,9.10,16%,2,78%,$995,29%,$466,23%,2,75%,2,50%,,2.78,73,79,1.91,44,,large,35,77.5,65,25.5,,,Average,25-40,>50,10,"birth defects, hip problems","dermoid sinus, Hip dysplasia",,,,"14,355",85%,995,mid-price,750,1300,5.75,4,7.5,7.67,400,"3,642",,"9,518","1,046",784,121,126,244,177,116,200
French Bulldog,,non-sporting,,1.9,18,18,"$17,266",82%,,58,28%,9.00,11%,0,100%,"$1,900",3%,$466,23%,2,75%,1,100%,,3.27,74,62,1.90,18,,medium,12,27,no data,no data,,must weigh 28 pounds or less,Fair,40-80,>30,71,none,none,,,,"15,116",79%,"1,900",high-end,1300,3500,5.75,4,7.5,7.67,400,"3,602",,"9,414","1,046",784,121,126,244,177,116,200
Borzoi,,hound,,1.89,102,71,"$16,176",87%,,76,6%,9.08,15%,0,100%,$675,64%,$466,23%,1,50%,2,50%,,2.64,75,82,1.89,102,,large,37,82.5,71,28,,"At least 28 in tall (males), 26 (females)",Lowest,80-100,<25,87,none,none,,,,"14,007",89%,675,budget,300,1250,5.75,4,7.5,7.67,400,"3,634",,"9,497","1,046",784,121,126,244,177,116,200
Bernese Mountain Dog,,working,,1.85,34,31,"$16,099",89%,,22,78%,7.56,7%,4,56%,"$1,320",8%,$710,6%,2,75%,1,100%,,3.23,76,63,1.85,34,,large,no data,no data,64,25.25,,,Excellent,5-15,>85,701,"meningitis, elbow + hip problems, complex immune disorder","Meningitis, Elbow dysplasia - OCD of the elbow, Hip dysplasia, Histiocytosis",,,,"14,032",87%,"1,320",mid-price,750,2500,8.75,7.5,10,11.67,609,"4,605",,"7,907","1,046",784,121,126,244,177,116,200
Bull Terrier,,terrier,,1.85,51,44,"$18,490",69%,,66,17%,10.21,31%,2,78%,"$1,085",20%,$466,23%,2,75%,2,50%,,2.72,77,80,1.85,51,,medium,27,60,55,21.5,,,Fair,40-80,>30,225,"heart problems, zinc metabolism disorder","lethal acrodermatitis, Mitral valve dysplasia",,,,"16,051",68%,"1,085",mid-price,300,1750,5.75,4,7.5,7.67,400,"4,087",,"10,679","1,046",784,121,126,244,177,116,200
Boxer,,working,,1.83,7,7,"$15,746",94%,,48,39%,8.81,10%,4,56%,$700,59%,$466,23%,2,75%,1,100%,,3.21,78,64,1.83,7,,medium,no data,no data,59,23.25,,,Average,25-40,>50,2112,"eye, nerve, heart problems","Corneal dystrophy, Degenerative myelopathy, Dilated cardiomyopathy, Subaortic stenosis",,,,"13,641",94%,700,mid-price,300,2500,5.75,4,7.5,7.67,400,"3,526",,"9,215","1,046",784,121,126,244,177,116,200
Alaskan Malamute,,working,,1.82,58,47,"$21,986",23%,,50,36%,10.67,36%,2,78%,"$1,210",9%,$710,6%,1,50%,2,50%,,2.57,79,83,1.82,58,,large,36,80,61,24,,Longevity based on UK KC Survey 2004,Average,25-40,>50,14,"hip problems, dwarfism","Hip dysplasia, Osteochondrodysplasia - skeletal dwarfism",,,,"19,069",20%,"1,210",mid-price,550,2350,8.75,7.5,10,11.67,609,"6,499",,"11,160","1,046",784,121,126,244,177,116,200
Chow Chow,,non-sporting,,1.76,68,54,"$15,898",91%,,77,5%,9.01,13%,2,78%,$515,89%,$466,23%,1,50%,2,50%,,2.51,80,85,1.76,68,,medium,no data,no data,47,18.5,,,Lowest,80-100,<25,38,"eye, hip problems","Entropion, Hip dysplasia",,,,"13,745",92%,515,budget,200,750,5.75,4,7.5,7.67,400,"3,606",,"9,424","1,046",784,121,126,244,177,116,200
Bloodhound,,hound,,1.66,48,42,"$13,824",98%,,75,7%,6.75,3%,2,78%,$608,76%,$710,6%,2,75%,2,50%,,2.54,81,84,1.66,48,,large,39,85,64,25,,,Lowest,80-100,<25,82,"fatal stomach bloat, skin problems","Gastric dilatation-volvulus, Hip dysplasia",,,,"11,979",98%,608,budget,200,1000,8.75,7.5,10,11.67,609,"4,111",,"7,060","1,046",784,121,126,244,177,116,200
Irish Wolfhound,,hound,,1.66,79,60,"$18,435",70%,,41,53%,6.94,5%,3,67%,"$1,333",7%,"$1,217",2%,2,75%,1,100%,,3.04,82,70,1.66,79,,large,no data,no data,81,32,,,Average,25-40,>50,121,"heart, liver, hip problems","Dilated cardiomyopathy, Hip dysplasia, Portosystemic shunt",,,,"16,039",69%,"1,333",mid-price,800,1550,15,15,15,20.01,"1,044","7,246",,"7,259","1,046",784,121,126,244,177,116,200
Bullmastiff,,working,,1.64,40,35,"$13,936",97%,,69,14%,7.57,8%,2,78%,$980,30%,$466,23%,2,75%,1,100%,,3.01,83,72,1.64,40,,large,52,115,65,25.5,,,Fair,40-80,>30,103,"eye, hip problems","Entropion, Hip dysplasia",,,,"12,128",97%,980,mid-price,600,1600,5.75,4,7.5,7.67,400,"3,030",,"7,918","1,046",784,121,126,244,177,116,200
Mastiff,,working,,1.57,28,28,"$13,581",99%,,72,10%,6.50,2%,2,78%,$900,38%,$701,20%,2,75%,1,100%,,2.94,84,73,1.57,28,,large,79,175,76,30,,min weight for dogs,Lowest,80-100,<25,94,"hip, heart problems","Hip dysplasia, Pulmonic stenosis",,,,"11,224",100%,900,mid-price,150,1200,-,-,-,10,512,"3,325",,"6,799","1,046",784,121,126,244,177,116,200
Great Dane,,working,,1.53,19,19,"$14,662",95%,,48,39%,6.96,6%,4,56%,"$1,040",25%,$710,6%,2,75%,1,100%,,2.91,85,75,1.53,19,,large,no data,no data,76,30,,min height for males,Average,25-40,>50,667,"heart, spinal, hip problems, fatal stomach bloat","Dilated cardiomyopathy, Cervical vertebral instability (Wobbler syndrome), Gastric dilatation-volvulus, Hip dysplasia",,,,"12,759",95%,"1,040",mid-price,500,2500,8.75,7.5,10,11.67,609,"4,239",,"7,280","1,046",784,121,126,244,177,116,200
Saint Bernard,,working,,1.42,49,43,"$20,022",52%,,65,18%,7.78,9%,3,67%,$875,43%,"$1,217",2%,1,50%,1,100%,,2.67,86,81,1.42,49,,large,70,155,67,26.5,,,Fair,40-80,>30,93,"heart, hip disorders, fatal stomach bloat","Dilated cardiomyopathy, Gastric dilatation-volvulus, Hip dysplasia",,,,"17,336",51%,875,mid-price,450,1500,15,15,15,20.01,"1,044","8,124",,"8,137","1,046",784,121,126,244,177,116,200
Bulldog,,non-sporting,,0.99,6,6,"$13,479",100%,,78,3%,6.29,1%,5,44%,"$2,680",1%,$466,23%,2,75%,2,50%,,1.86,87,87,0.99,6,,medium,20,45,no data,no data,,English bulldog,Lowest,80-100,<25,197,"breathing, hip, heart problems, 'dry eye'","brachycephalic syndrome, Hip dysplasia, Keratoconjunctivitis sicca (KCS) - ""dry eye"", Pulmonic stenosis, Ventricular septal defect (VSD)",,,,"11,977",99%,"2,680",high-end,1500,5500,5.75,4,7.5,7.67,400,"2,518",,"6,579","1,046",784,121,126,244,177,116,200
Airedale Terrier,,terrier,,,55,,no data,,,29,,11.45,,1,,$733,,,,-,,-,,,,,,,,,medium,no data,no data,58,23,,,Above average,15-25,>70,307,hip problems,hip dysplasia,,,,no data,,733,mid-price,475,1200,no data,no data,no data,no data,,no data,,"11,976","1,046",784,121,126,244,177,116,200
American English Coonhound,,hound,,,33,,no data,,,no data,,11.5,,no data,,$283,,,,-,,-,,,,,,,,,large,no data,no data,62,24.5,,6 dogs for sale only,no data,no data,no data,-,no data,no data,,,,no data,,283,budget,100,350,no data,no data,no data,no data,,no data,,no data,"1,046",784,121,126,244,177,116,200
American Eskimo Dog,,non-sporting,,,116,,no data,,,no data,,no data,,0,,$560,,,,-,,-,,,,,,,,,small,no data,no data,36,14,,,no data,no data,no data,-,none,none,,,,no data,,560,budget,300,950,no data,no data,no data,no data,,no data,,no data,"1,046",784,121,126,244,177,116,200
American Foxhound,,hound,,,173,,no data,,,46,,no data,,no data,,$757,,,,-,,-,,,,,,,,,medium,no data,no data,58,23,,Price: only 7 puppies listed for this breed,Average,25-40,>50,-,no data,no data,,,,no data,,757,mid-price,250,1000,no data,no data,no data,no data,,no data,,no data,"1,046",784,121,126,244,177,116,200
American Staffordshire Terrier,,terrier,,,72,,no data,,,34,,no data,,1,,"$1,043",,,,-,,-,,,,,,,,,medium,no data,no data,46,18,,,Above average,15-25,>70,-,skin problems,Demodicosis/ Demodectic mange,,,,no data,,"1,043",mid-price,250,1500,no data,no data,no data,no data,,no data,,no data,"1,046",784,121,126,244,177,116,200
American Water Spaniel,,sporting,,,157,,no data,,,44,,no data,,0,,$730,,,,-,,-,,,,,,,,,medium,16,35,42,16.5,,,Average,25-40,>50,-,none,none,,,,no data,,730,mid-price,600,1250,no data,no data,no data,no data,,no data,,no data,"1,046",784,121,126,244,177,116,200
Anatolian Shepherd Dog,,working,,,111,,no data,,,no data,,10.75,,no data,,no data,,,,2,,2,,,,,,,,,large,52,115,71,28,,,no data,no data,no data,23,no data,no data,,,,no data,,no data,no data,no data,no data,8.75,7.5,10,11.67,,"6,548",,"11,244","1,046",784,121,126,244,177,116,200
Bearded Collie,,herding,,,112,,no data,,,34,,12.77,,0,,no data,,,,1,,1,,,,,,,,,medium,no data,no data,53,21,,,Above average,15-25,>70,551,none,none,,,,no data,,no data,no data,no data,no data,5.75,4,7.5,7.67,,"5,111",,"13,357","1,046",784,121,126,244,177,116,200
Beauceron,,herding,,,144,,no data,,,no data,,no data,,no data,,$967,,,,-,,-,,,,,,,,,large,no data,no data,65,25.75,,3 dogs for sale only,no data,no data,no data,-,no data,no data,,,,no data,,967,mid-price,950,"1,000",no data,no data,no data,no data,,no data,,no data,"1,046",784,121,126,244,177,116,200
Belgian Malinois,,herding,,,74,,no data,,,22,,no data,,0,,"$1,080",,,,2,,1,,,,,,,,,large,no data,no data,61,24,,,Excellent,5-15,>85,-,none,none,,,,no data,,"1,080",mid-price,550,2000,5.75,4,7.5,7.67,,no data,,no data,"1,046",784,121,126,244,177,116,200
Belgian Sheepdog,,herding,,,118,,no data,,,15,,no data,,4,,no data,,,,-,,-,,,,,,,,,large,no data,no data,61,24,,,Excellent,5-15,>85,-,"cataracts + other eye problems, muscular dystrophy","Cataracts, Pannus - chronic superficial keratitis, Progressive retinal atrophy, X-linked muscular dystrophy",,,,no data,,no data,no data,no data,no data,no data,no data,no data,no data,,no data,,no data,"1,046",784,121,126,244,177,116,200
Black and Tan Coonhound,,hound,,,109,,no data,,,44,,no data,,0,,$325,,,,-,,-,,,,,,,,,large,no data,no data,64,25,,,Average,25-40,>50,-,none,none,,,,no data,,325,budget,200,500,no data,no data,no data,no data,,no data,,no data,"1,046",784,121,126,244,177,116,200
Black Russian Terrier,,working,,,128,,no data,,,no data,,1.83 - really?,,0,,"$2,833",,,,-,,-,,,,,,,,,large,no data,no data,71,28,,3 dogs for sale only,no data,no data,no data,4,none,none,,,,no data,,"2,833",high-end,2500,3000,no data,no data,no data,no data,,no data,,no data,"1,046",784,121,126,244,177,116,200
Bluetick Coonhound,,hound,,,136,,no data,,,no data,,no data,,0,,$370,,,,-,,-,,,,,,,,,large,28,62.5,61,24,,,no data,no data,no data,-,none,none,,,,no data,,370,budget,200,500,no data,no data,no data,no data,,no data,,no data,"1,046",784,121,126,244,177,116,200
Boykin Spaniel,,sporting,,,138,,no data,,,no data,,no data,,no data,,$531,,,,-,,-,,,,,,,,,medium,no data,no data,41,16,,,no data,no data,no data,-,no data,no data,,,,no data,,531,budget,200,800,no data,no data,no data,no data,,no data,,no data,"1,046",784,121,126,244,177,116,200
Canaan Dog,,herding,,,168,,no data,,,no data,,14.67,,0,,no data,,,,2,,1,,,,,,,,,medium,20,45,55,21.5,,,no data,no data,no data,2,none,none,,,,no data,,no data,no data,no data,no data,5.75,4,7.5,7.67,,"5,872",,"15,344","1,046",784,121,126,244,177,116,200
Cane Corso,,working,,,67,,no data,,,no data,,no data,,no data,,"$1,070",,,,-,,-,,,,,,,,,large,no data,no data,64,25,,,no data,no data,no data,-,no data,no data,,,,no data,,"1,070",mid-price,900,1500,no data,no data,no data,no data,,no data,,no data,"1,046",784,121,126,244,177,116,200
Cardigan Welsh Corgi,,herding,,,81,,no data,,,26,,12.70,,0,,$828,,,,-,,-,,,,,,,,,small,14,31.5,29,11.5,,,Excellent,5-15,>85,53,none,none,,,,no data,,828,mid-price,395,1085,no data,no data,no data,no data,,no data,,"13,284","1,046",784,121,126,244,177,116,200
Cesky Terrier,,terrier,,,106,,no data,,,no data,,8.42,,no data,,no data,,,,2,,1,,,,,,,,,small,9,19,29,11.5,,,no data,no data,no data,9,no data,no data,,,,no data,,no data,no data,no data,no data,5.75,4,7.5,7.67,,"3,370",,"8,807","1,046",784,121,126,244,177,116,200
Chinese Crested,,toy,,,61,,no data,,,61,,10.08,,no data,,$538,,,,-,,-,,,,,,,,,small,no data,no data,30,12,,,Fair,40-80,>30,829,no data,no data,,,,no data,,538,budget,125,1300,no data,no data,no data,no data,,no data,,"10,543","1,046",784,121,126,244,177,116,200
Chinese Shar Pei,,non-sporting,,,50,,no data,,,51,,no data,,4,,$840,,,,-,,-,,,,,,,,,medium,24,52.5,48,19,,,Average,25-40,>50,-,"canine hay fever, skin, eye, hip problems","Atopy, Demodicosis/ Demodectic mange, Entropion, Hip dysplasia",,,,no data,,840,mid-price,350,2000,no data,no data,no data,no data,,no data,,no data,"1,046",784,121,126,244,177,116,200
Collie,,herding,,,36,,no data,,,16,,no data,,2,,$650,,,,-,,-,,,,,,,,,large,28,62.5,61,24,,,Excellent,5-15,>85,-,"eye, skin and muscle disorders","Collie eye anomaly (CEA), Dermatomyositis and ulcerative dermatosis",,,,no data,,650,budget,350,950,no data,no data,no data,no data,,no data,,no data,"1,046",784,121,126,244,177,116,200
Curly Coated Retriever,,sporting,,,154,,no data,,,41,,10.75,,0,,no data,,,,2,,2,,,,,,,,,large,no data,no data,64,25,,,Average,25-40,>50,40,none,none,,,,no data,,no data,no data,no data,no data,8.75,7.5,10,11.67,,"6,548",,"11,244","1,046",784,121,126,244,177,116,200
English Foxhound,,hound,,,171,,no data,,,46,,no data,,0,,no data,,,,-,,-,,,,,,,,,large,no data,no data,61,24,,,Average,25-40,>50,-,none,none,,,,no data,,no data,no data,no data,no data,no data,no data,no data,no data,,no data,,no data,"1,046",784,121,126,244,177,116,200
Entlebucher Mountain Dog,,herding,,,146,,no data,,,no data,,no data,,no data,,"$1,167",,,,-,,-,,,,,,,,,medium,no data,no data,47,18.5,,3 dogs for sale only,no data,no data,no data,-,no data,no data,,,,no data,,"1,167",mid-price,"1,000","1,300",no data,no data,no data,no data,,no data,,no data,"1,046",784,121,126,244,177,116,200
Field Spaniel,,sporting,,,141,,no data,,,34,,9.90,,0,,no data,,,,1,,2,,,,,,,,,medium,no data,no data,44,17.5,,,Above average,15-25,>70,139,none,none,,,,no data,,no data,no data,no data,no data,5.75,4,7.5,7.67,,"3,963",,"10,355","1,046",784,121,126,244,177,116,200
Finnish Lapphund,,herding,,,104,,no data,,,no data,,7.33,,no data,,no data,,,,1,,1,,,,,,,,,medium,no data,no data,47,18.5,,,no data,no data,no data,5,no data,no data,,,,no data,,no data,no data,no data,no data,5.75,4,7.5,7.67,,"2,934",,"7,667","1,046",784,121,126,244,177,116,200
Finnish Spitz,,non-sporting,,,167,,no data,,,43,,11.17,,0,,no data,,,,2,,1,,,,,,,,,medium,no data,no data,45,17.75,,,Average,25-40,>50,42,none,none,,,,no data,,no data,no data,no data,no data,5.75,4,7.5,7.67,,"4,471",,"11,683","1,046",784,121,126,244,177,116,200
German Pinscher,,working,,,137,,no data,,,no data,,11.42,,no data,,"$1,500",,,,-,,-,,,,,,,,,medium,no data,no data,47,18.5,,only one dog for sale,no data,no data,no data,24,no data,no data,,,,no data,,"1,500",high-end,1500,1500,no data,no data,no data,no data,,no data,,"11,945","1,046",784,121,126,244,177,116,200
German Wirehaired Pointer,,sporting,,,75,,no data,,,44,,10.00,,1,,$655,,,,-,,-,,,,,,,,,large,no data,no data,61,24,,,Average,25-40,>50,41,hip problems,hip dysplasia,,,,no data,,655,budget,600,800,no data,no data,no data,no data,,no data,,"10,459","1,046",784,121,126,244,177,116,200
Glen of Imaal Terrier,,terrier,,,158,,no data,,,no data,,10.42,,no data,,no data,,,,-,,-,,,,,,,,,small,16,35,34,13.25,,,no data,no data,no data,6,no data,no data,,,,no data,,no data,no data,no data,no data,no data,no data,no data,no data,,no data,,"10,899","1,046",784,121,126,244,177,116,200
Great Pyrenees,,working,,,71,,no data,,,64,,10.00,,1,,$503,,,,-,,-,,,,,,,,,large,no data,no data,72,28.5,,"Excludes death from accidents (10.47%), euthanasia for temperament problems (9.13%), and dogs euthanized within 8 weeks of birth (2.23%).   With those included, median longevity would probably be about 9 yrs. ",Fair,40-80,>30,454,hip problems,hip dysplasia,,,,no data,,503,budget,225,800,no data,no data,no data,no data,,no data,,"10,459","1,046",784,121,126,244,177,116,200
Greater Swiss Mountain Dog,,working,,,82,,no data,,,no data,,6.80,,1,,"$1,605",,,,-,,-,,,,,,,,,large,no data,no data,66,26,,,no data,no data,no data,71,hip problems,hip dysplasia,,,,no data,,"1,605",high-end,900,2500,no data,no data,no data,no data,,no data,,"7,112","1,046",784,121,126,244,177,116,200
Harrier,,hound,,,172,,no data,,,no data,,no data,,0,,no data,,,,-,,-,,,,,,,,,medium,no data,no data,51,20,,,no data,no data,no data,-,none,none,,,,no data,,no data,no data,no data,no data,no data,no data,no data,no data,,no data,,no data,"1,046",784,121,126,244,177,116,200
Havanese,,toy,,,31,,no data,,,no data,,10.25,,0,,$830,,,,-,,-,,,,,,,,,small,no data,no data,25,9.75,,,no data,no data,no data,3,none,none,,,,no data,,830,mid-price,300,1500,no data,no data,no data,no data,,no data,,"10,721","1,046",784,121,126,244,177,116,200
Ibizan Hound,,hound,,,149,,no data,,,53,,no data,,0,,"$1,500",,,,2,,1,,,,,,,,,large,no data,no data,64,25,,Only 2 puppies for sale,Average,25-40,>50,-,none,none,,,,no data,,"1,500",high-end,1500,1500,5.75,4,7.5,7.67,,no data,,no data,"1,046",784,121,126,244,177,116,200
Icelandic Sheepdog,,herding,,,143,,no data,,,no data,,no data,,no data,,no data,,,,-,,-,,,,,,,,,medium,no data,no data,44,17.25,,,no data,no data,no data,-,no data,no data,,,,no data,,no data,no data,no data,no data,no data,no data,no data,no data,,no data,,no data,"1,046",784,121,126,244,177,116,200
Irish Red and White Setter,,sporting,,,147,,no data,,,no data,,11.57,,no data,,"$1,000",,,,-,,-,,,,,,,,,large,no data,no data,62,24.25,,only 2 dogs for sale,no data,no data,no data,199,no data,no data,,,,no data,,"1,000",mid-price,"1,000","1,000",no data,no data,no data,no data,,no data,,"12,102","1,046",784,121,126,244,177,116,200
Irish Terrier,,terrier,,,132,,no data,,,53,,no data,,0,,$588,,,,2,,1,,,,,,,,,medium,12,26,46,18,,,Average,25-40,>50,-,none,none,,,,no data,,588,budget,400,850,5.75,4,7.5,7.67,,no data,,no data,"1,046",784,121,126,244,177,116,200
Irish Water Spaniel,,sporting,,,150,,no data,,,24,,9.33,,1,,no data,,,,2,,1,,,,,,,,,medium,25,55,57,22.5,,,Excellent,5-15,>85,95,hip problems,hip dysplasia,,,,no data,,no data,no data,no data,no data,8.75,7.5,10,11.67,,"5,683",,"9,759","1,046",784,121,126,244,177,116,200
Japanese Chin,,toy,,,78,,no data,,,62,,9.25,,0,,$513,,,,-,,-,,,,,,,,,small,no data,no data,24,9.5,,,Fair,40-80,>30,38,none,none,,,,no data,,513,budget,200,800,no data,no data,no data,no data,,no data,,"9,675","1,046",784,121,126,244,177,116,200
Keeshond,,non-sporting,,,98,,no data,,,16,,12.17,,1,,$610,,,,-,,-,,,,,,,,,medium,no data,no data,44,17.5,,,Excellent,5-15,>85,104,hip problems,hip dysplasia,,,,no data,,610,budget,350,1000,no data,no data,no data,no data,,no data,,"12,729","1,046",784,121,126,244,177,116,200
Komondor,,working,,,166,,no data,,,no data,,9.17,,1,,$656,,,,-,,-,,,,,,,,,large,45,100,70,27.5,,,no data,no data,no data,10,hip problems,hip dysplasia,,,,no data,,656,budget,500,850,no data,no data,no data,no data,,no data,,"9,591","1,046",784,121,126,244,177,116,200
Kuvasz,,working,,,148,,no data,,,42,,no data,,1,,no data,,,,-,,-,,,,,,,,,large,42,92.5,71,28,,,Average,25-40,>50,-,hip problems,hip dysplasia,,,,no data,,no data,no data,no data,no data,no data,no data,no data,no data,,no data,,no data,"1,046",784,121,126,244,177,116,200
Lakeland Terrier,,terrier,,,135,,no data,,,62,,no data,,0,,"$1,093",,,,2,,1,,,,,,,,,small,8,17,37,14.5,,,Fair,40-80,>30,-,none,none,,,,no data,,"1,093",mid-price,575,1600,5.75,4,7.5,7.67,,no data,,no data,"1,046",784,121,126,244,177,116,200
Leonberger,,working,,,103,,"$15,141",,,no data,,6.98,,no data,,"$1,480",,,,2,,1,,,,,,,,,large,no data,no data,72,28.5,,5 dogs for sale only,no data,no data,no data,125,no data,no data,,,,"13,232",,"1,480",mid-price,700,1800,8.75,7.5,10,11.67,,"4,251",,"7,301","1,046",784,121,126,244,177,116,200
Looked - nothing,,,,,,,,,,,,,,,,,,,,,,,,,,,,,,,,,,,,,,,,,,,,,,,,,,,,,,,,,,,,,,,,,,,,
Löwchen,,non-sporting,,,152,,no data,,,no data,,10.00,,0,,no data,,,,-,,-,,,,,,,,,small,no data,no data,33,13,,,no data,no data,no data,9,none,none,,,,no data,,no data,no data,no data,no data,no data,no data,no data,no data,,no data,,"10,459","1,046",784,121,126,244,177,116,200
Manchester Terrier,,terrier,,,119,,no data,,,32,,9.32,,0,,$720,,,,-,,-,,,,,,,,,small,8,17,no data,no data,,only 7 puppies for sale. weight for standard (not miniature),Above average,15-25,>70,142,none,none,,,,no data,,720,mid-price,140,1500,no data,no data,no data,no data,,no data,,"9,748","1,046",784,121,126,244,177,116,200
Miniature Bull Terrier,,terrier,,,127,,no data,,,no data,,6.60,,0,,"$1,740",,,,-,,-,,,,,,,,,small,no data,no data,30,12,,,no data,no data,no data,73,none,none,,,,no data,,"1,740",high-end,999,2800,no data,no data,no data,no data,,no data,,"6,903","1,046",784,121,126,244,177,116,200
Miniature Pinscher,,toy,,,42,,no data,,,37,,no data,,0,,$535,,,,-,,-,,,,,,,,,small,no data,no data,29,11.25,,,Above average,15-25,>70,-,none,none,,,,no data,,535,budget,300,900,no data,no data,no data,no data,,no data,,no data,"1,046",784,121,126,244,177,116,200
Neapolitan Mastiff,,working,,,110,,no data,,,no data,,no data,,1,,"$1,760",,,,2,,1,,,,,,,,,large,59,130,70,27.5,,,no data,no data,no data,-,hip problems,hip dysplasia,,,,no data,,"1,760",high-end,850,3500,15,15,15,20.01,,no data,,no data,"1,046",784,121,126,244,177,116,200
Norwegian Buhund,,herding,,,165,,no data,,,no data,,12.67,,no data,,no data,,,,-,,-,,,,,,,,,medium,15,33,44,17.25,,,no data,no data,no data,17,no data,no data,,,,no data,,no data,no data,no data,no data,no data,no data,no data,no data,,no data,,"13,252","1,046",784,121,126,244,177,116,200
Norwegian Elkhound,,hound,,,96,,no data,,,36,,no data,,1,,$448,,,,-,,-,,,,,,,,,medium,23,51.5,51,20,,price: 5 puppies only,Above average,15-25,>70,-,hip problems,hip dysplasia,,,,no data,,448,budget,350,500,no data,no data,no data,no data,,no data,,no data,"1,046",784,121,126,244,177,116,200
Norwegian Lundehund,,non-sporting,,,170,,no data,,,no data,,no data,,no data,,no data,,,,-,,-,,,,,,,,,small,no data,no data,34,13.5,,,no data,no data,no data,-,no data,no data,,,,no data,,no data,no data,no data,no data,no data,no data,no data,no data,,no data,,no data,"1,046",784,121,126,244,177,116,200
Norwich Terrier,,terrier,,,89,,no data,,,38,,no data,,0,,"$1,245",,,,2,,2,,,,,,,,,small,5,12,25,10,,,Above average,15-25,>70,-,none,none,,,,no data,,"1,245",mid-price,750,2000,5.75,4,7.5,7.67,,no data,,no data,"1,046",784,121,126,244,177,116,200
NOT POSSIBLE IF NO INTELLIGENCE DATA,,,,,,,,,,,,,,,,,,,,,,,,,,,,,,,,,,,,,,,,,,,,,,,,,,,,,,,,,,,,,,,,,,,,
Nova Scotia Duck Tolling Retriever,,sporting,,,107,,"$12,653",,,no data,,6.50,,1,,"$1,500",,,,2,,1,,,,,,,,,medium,no data,no data,48,19,,4 dogs for sale only,no data,no data,no data,150,hip problems,hip dysplasia,,,,"11,100",,"1,500",high-end,1500,1500,5.75,4,7.5,7.67,,"2,602",,"6,799","1,046",784,121,126,244,177,116,200
Otterhound,,hound,,,169,,no data,,,46,,10.80,,1,,no data,,,,2,,1,,,,,,,,,large,44,97.5,65,25.5,,,Average,25-40,>50,41,hip problems,hip dysplasia,,,,no data,,no data,no data,no data,no data,5.75,4,7.5,7.67,,"4,323",,"11,296","1,046",784,121,126,244,177,116,200
Parson Russell Terrier,,terrier,,,97,,no data,,,no data,,no data,,0,,$528,,,,2,,2,,,,,,,,,small,7,15,34,13.5,,,no data,no data,no data,-,none,none,,,,no data,,528,budget,150,850,5.75,4,7.5,7.67,,no data,,no data,"1,046",784,121,126,244,177,116,200
Petit Basset Griffon Vendeen,,hound,,,131,,no data,,,62,,12.70,,0,,$400,,,,-,,-,,,,,,,,,small,no data,no data,36,14,,price: 3 puppies for sale only,Fair,40-80,>30,45,none,none,,,,no data,,400,budget,250,700,no data,no data,no data,no data,,no data,,"13,284","1,046",784,121,126,244,177,116,200
Plott,,hound,,,145,,no data,,,no data,,no data,,0,,no data,,,,-,,-,,,,,,,,,medium,23,50,57,22.5,,,no data,no data,no data,-,none,none,,,,no data,,no data,no data,no data,no data,no data,no data,no data,no data,,no data,,no data,"1,046",784,121,126,244,177,116,200
Polish Lowland Sheepdog,,herding,,,159,,no data,,,no data,,10.80,,no data,,no data,,,,2,,2,,,,,,,,,medium,no data,no data,47,18.5,,,no data,no data,no data,30,no data,no data,,,,no data,,no data,no data,no data,no data,5.75,4,7.5,7.67,,"4,323",,"11,296","1,046",784,121,126,244,177,116,200
Portuguese Water Dog,,working,,,56,,no data,,,no data,,11.42,,0,,no data,,,,-,,-,,,,,,,,,medium,22,47.5,51,20,,,no data,no data,no data,6,none,none,,,,no data,,no data,no data,no data,no data,no data,no data,no data,no data,,no data,,"11,945","1,046",784,121,126,244,177,116,200
Puli,,herding,,,156,,no data,,,27,,no data,,0,,$913,,,,-,,-,,,,,,,,,medium,no data,no data,42,16.5,,,Above average,15-25,>70,-,none,none,,,,no data,,913,mid-price,700,1000,no data,no data,no data,no data,,no data,,no data,"1,046",784,121,126,244,177,116,200
Pyrenean Shepherd,,herding,,,162,,no data,,,no data,,no data,,no data,,no data,,,,-,,-,,,,,,,,,medium,no data,no data,46,18,,,no data,no data,no data,-,no data,no data,,,,no data,,no data,no data,no data,no data,no data,no data,no data,no data,,no data,,no data,"1,046",784,121,126,244,177,116,200
Redbone Coonhound,,hound,,,126,,no data,,,no data,,no data,,0,,$425,,,,-,,-,,,,,,,,,large,no data,no data,61,24,,,no data,no data,no data,-,none,none,,,,no data,,425,budget,300,700,no data,no data,no data,no data,,no data,,no data,"1,046",784,121,126,244,177,116,200
Schipperke,,non-sporting,,,105,,no data,,,15,,13.00,,4,,$658,,,,-,,-,,,,,,,,,small,no data,no data,29,11.5,,,Excellent,5-15,>85,36,"hair loss, diabetes, skin problems","colour dilution alopecia, Diabetes mellitus, Follicular dysplasias, Pemphigus",,,,no data,,658,budget,300,975,no data,no data,no data,no data,,no data,,"13,597","1,046",784,121,126,244,177,116,200
Scottish Deerhound,,hound,,,142,,no data,,,47,,8.70,,2,,no data,,,,-,,-,,,,,,,,,large,42,92.5,no data,no data,,,Average,25-40,>50,300,"heart problems, fatal stomach bloat","Dilated cardiomyopathy, Gastric dilatation-volvulus",,,,no data,,no data,no data,no data,no data,no data,no data,no data,no data,,no data,,"9,100","1,046",784,121,126,244,177,116,200
Sealyham Terrier,,terrier,,,163,,no data,,,56,,12.25,,1,,no data,,,,-,,-,,,,,,,,,small,11,24,27,10.5,,,Fair,40-80,>30,12,eye problems,Retinal dysplasia,,,,no data,,no data,no data,no data,no data,no data,no data,no data,no data,,no data,,"12,813","1,046",784,121,126,244,177,116,200
Shiba Inu,,non-sporting,,,53,,no data,,,no data,,7.00,,1,,$890,,,,-,,-,,,,,,,,,small,9,20,38,15,,,no data,no data,no data,3,hip problems,hip dysplasia,,,,no data,,890,mid-price,650,1400,no data,no data,no data,no data,,no data,,"7,322","1,046",784,121,126,244,177,116,200
Silky Terrier,,toy,,,85,,no data,,,37,,14.25,,0,,$448,,,,-,,-,,,,,,,,,small,5,10,24,9.5,,,Above average,15-25,>70,3,none,none,,,,no data,,448,budget,250,500,no data,no data,no data,no data,,no data,,"14,905","1,046",784,121,126,244,177,116,200
Skye Terrier,,terrier,,,164,,no data,,,55,,11.00,,0,,$550,,,,-,,-,,,,,,,,,small,18,40,25,9.75,,,Fair,40-80,>30,37,none,none,,,,no data,,550,budget,500,600,no data,no data,no data,no data,,no data,,"11,505","1,046",784,121,126,244,177,116,200
Smooth Fox Terrier,,terrier,,,113,,no data,,,40,,13.17,,0,,$575,,,,-,,-,,,,,,,,,small,8,17.5,38,15,,"Longevity: All fox terriers. Size: a full-sized, well balanced dog should not exceed 15½ inches at the withers--the bitch being proportionately lower. A dog with these measurements should scale 18 pounds in show condition--a bitch weighing some two pounds less-with a margin of one pound either way.",Average,25-40,>50,44,none,none,,,,no data,,575,budget,450,750,no data,no data,no data,no data,,no data,,"13,775","1,046",784,121,126,244,177,116,200
Soft-Coated Wheaten Terrier,,terrier,,,52,,no data,,,40,,12.16,,0,,$832,,,,-,,-,,,,,,,,,medium,16,35,46,18,,,Average,25-40,>50,345,none,none,,,,no data,,832,mid-price,675,1000,no data,no data,no data,no data,,no data,,"12,719","1,046",784,121,126,244,177,116,200
Spinone Italiano,,sporting,,,123,,no data,,,no data,,9.00,,no data,,"$1,725",,,,-,,-,,,,,,,,,large,no data,no data,62,24.5,,4 dogs for sale only,no data,no data,no data,47,no data,no data,,,,no data,,"1,725",high-end,1100,2000,no data,no data,no data,no data,,no data,,"9,414","1,046",784,121,126,244,177,116,200
Standard Schnauzer,,working,,,91,,no data,,,18,,no data,,1,,$855,,,,-,,-,,,,,,,,,medium,no data,no data,47,18.5,,,Excellent,5-15,>85,-,hip problems,hip dysplasia,,,,no data,,855,mid-price,50,1500,no data,no data,no data,no data,,no data,,no data,"1,046",784,121,126,244,177,116,200
Sussex Spaniel,,sporting,,,161,,no data,,,no data,,11.17,,0,,no data,,,,2,,3,,,,,,,,,small,18,40,36,14,,,no data,no data,no data,42,none,none,,,,no data,,no data,no data,no data,no data,5.75,4,7.5,7.67,,"4,471",,"11,683","1,046",784,121,126,244,177,116,200
Swedish Vallhund,,herding,,,153,,"$22,839",,,no data,,14.17,,no data,,$772,,,,2,,1,,,,,,,,,small,no data,no data,32,12.5,,,no data,no data,no data,7,no data,no data,,,,"19,739",,772,mid-price,550,1000,4,4,4,5.34,,"3,946",,"14,821","1,046",784,121,126,244,177,116,200
Tibetan Mastiff,,working,,,122,,"$23,747",,,no data,,11.92,,no data,,"$3,460",,,,2,,1,,,,,,,,,large,no data,no data,64,25,,5 dogs for sale only,no data,no data,no data,10,no data,no data,,,,"20,899",,"3,460",high-end,800,6500,5.75,4,7.5,7.67,,"4,771",,"12,468","1,046",784,121,126,244,177,116,200
Toy Fox Terrier,,toy,,,101,,no data,,,no data,,no data,,no data,,$460,,,,-,,-,,,,,,,,,small,no data,no data,25,10,,,no data,no data,no data,-,no data,no data,,,,no data,,460,budget,200,650,no data,no data,no data,no data,,no data,,no data,"1,046",784,121,126,244,177,116,200
Vizsla,,sporting,,,37,,no data,,,25,,12.50,,0,,$935,,,,-,,-,,,,,,,,,medium,no data,no data,57,22.5,,,Excellent,5-15,>85,6,none,none,,,,no data,,935,mid-price,800,1200,no data,no data,no data,no data,,no data,,"13,074","1,046",784,121,126,244,177,116,200
Weimaraner,,sporting,,,32,,no data,,,21,,no data,,1,,$562,,,,2,,1,,,,,,,,,large,no data,no data,64,25,,,Excellent,5-15,>85,-,hip problems,hip dysplasia,,,,no data,,562,budget,300,900,5.75,4,7.5,7.67,,no data,,no data,"1,046",784,121,126,244,177,116,200
Welsh Terrier,,terrier,,,99,,no data,,,53,,no data,,0,,$843,,,,2,,1,,,,,,,,,small,9,20,38,15,,,Average,25-40,>50,-,none,none,,,,no data,,843,mid-price,575,1250,4,4,4,5.34,,no data,,no data,"1,046",784,121,126,244,177,116,200
Wire Fox Terrier,,terrier,,,100,,no data,,,51,,13.17,,0,,$668,,,,-,,-,,,,,,,,,small,8,17.5,38,15,,Longevity: All fox terriers. Should not exceed 15½ inches tall at the shoulder and 18 pounds.,Average,25-40,>50,44,none,none,,,,no data,,668,budget,175,1600,no data,no data,no data,no data,,no data,,"13,775","1,046",784,121,126,244,177,116,200
Wirehaired Pointing Griffon,,sporting,,,92,,no data,,,46,,8.80,,0,,$755,,,,-,,-,,,,,,,,,medium,no data,no data,56,22,,,Average,25-40,>50,16,none,none,,,,no data,,755,mid-price,750,800,no data,no data,no data,no data,,no data,,"9,204","1,046",784,121,126,244,177,116,200
Xoloitzcuintli,,non-sporting,,,155,,no data,,,no data,,no data,,no data,,$717,,,,-,,-,,,,,,,,,medium,no data,no data,42,16.5,,,no data,no data,no data,-,no data,no data,,,,no data,,717,mid-price,300,"2,000",no data,no data,no data,no data,,no data,,no data,"1,046",784,121,126,244,177,116,200